วันที่,ภาค,ผู้ดูแล,รหัสร้าน,ชื่อสาขา,ยอดขาย
2026-08-01,กรุงเทพฯ/ปริมณฑล,,B000,สำนักงานใหญ่,0.0
2026-08-01,กรุงเทพฯ/ปริมณฑล,คุณปิยพงษ์ (โต),B044-01,บางกรวย–ไทรน้อย044-01,0.0
2026-08-01,กรุงเทพฯ/ปริมณฑล,คุณปิยพงษ์ (โต),B069-01,พุทธมณฑลสาย5 069-01,0.0
2026-08-01,กรุงเทพฯ/ปริมณฑล,คุณปิยพงษ์ (โต),B088-01,บางพลี088-01,0.0
2026-08-01,กรุงเทพฯ/ปริมณฑล,คุณปิยพงษ์ (โต),B112-01,หนองจอก112-01,0.0
2026-08-01,กรุงเทพฯ/ปริมณฑล,คุณปิยพงษ์ (โต),B113-01,ลำลูกกาคลอง7 113-01,0.0
2026-08-01,กรุงเทพฯ/ปริมณฑล,คุณเสกสรรค์ (เสก),B099-01,รังสิตคลอง2 099-01,0.0
2026-08-01,กรุงเทพฯ/ปริมณฑล,คุณเสกสรรค์ (เสก),B100-01,ปทุมธานี100-01,0.0
2026-08-01,กรุงเทพฯ/ปริมณฑล,ส่วนกลาง,B008,บางแวก008,52637.34
2026-08-01,กรุงเทพฯ/ปริมณฑล,ส่วนกลาง,B011,กรุงเทพกรีฑา011,20865.42
2026-08-01,กรุงเทพฯ/ปริมณฑล,ส่วนกลาง,B018,เสนานิคม018,7046.74
2026-08-01,กรุงเทพฯ/ปริมณฑล,ส่วนกลาง,B019,พระยาสุเรนทร์019,50059.84
2026-08-01,กรุงเทพฯ/ปริมณฑล,ส่วนกลาง,B023,ดอนเมือง023,25465.43
2026-08-01,กรุงเทพฯ/ปริมณฑล,ส่วนกลาง,B024,วัดด่านสำโรง024,127837.36
2026-08-01,กรุงเทพฯ/ปริมณฑล,ส่วนกลาง,B025,สายไหม025,18893.48
2026-08-01,กรุงเทพฯ/ปริมณฑล,ส่วนกลาง,B032,บางบัวทอง032,84994.39
2026-08-01,กรุงเทพฯ/ปริมณฑล,ส่วนกลาง,B032-01,บางบัวทอง032-01,5130.84
2026-08-01,กรุงเทพฯ/ปริมณฑล,ส่วนกลาง,B044,บางกรวย–ไทรน้อย044,21599.07
2026-08-01,กรุงเทพฯ/ปริมณฑล,ส่วนกลาง,B069,พุทธมณฑลสาย5 069,53049.53
2026-08-01,กรุงเทพฯ/ปริมณฑล,ส่วนกลาง,B070,สุขาภิบาล2 070,43246.72
2026-08-01,กรุงเทพฯ/ปริมณฑล,ส่วนกลาง,B071,ประชาอุทิศ071,43031.77
2026-08-01,กรุงเทพฯ/ปริมณฑล,ส่วนกลาง,B075,อ่อนนุช44 075,46642.05
2026-08-01,กรุงเทพฯ/ปริมณฑล,ส่วนกลาง,B076,ซอยมังกร(แพรกษา)076,36531.76
2026-08-01,กรุงเทพฯ/ปริมณฑล,ส่วนกลาง,B077,ติวานนท์077,21684.12
2026-08-01,กรุงเทพฯ/ปริมณฑล,ส่วนกลาง,B078,ตลาดไอยรา078,35510.26
2026-08-01,กรุงเทพฯ/ปริมณฑล,ส่วนกลาง,B079,สุดประเสริฐ(เจริญราษฎร์)079,20960.76
2026-08-01,กรุงเทพฯ/ปริมณฑล,ส่วนกลาง,B088,บางพลี088,28933.64
2026-08-01,กรุงเทพฯ/ปริมณฑล,ส่วนกลาง,B099,รังสิตคลอง2 099,33245.8
2026-08-01,กรุงเทพฯ/ปริมณฑล,ส่วนกลาง,B100,ปทุมธานี100,26023.35
2026-08-01,กรุงเทพฯ/ปริมณฑล,ส่วนกลาง,B111,กิ่งแก้ว111,37031.77
2026-08-01,กรุงเทพฯ/ปริมณฑล,ส่วนกลาง,B111-01,กิ่งแก้ว111-01,0.0
2026-08-01,กรุงเทพฯ/ปริมณฑล,ส่วนกลาง,B112,หนองจอก112,32776.63
2026-08-01,กรุงเทพฯ/ปริมณฑล,ส่วนกลาง,B113,ลำลูกกาคลอง7 113,23162.61
2026-08-01,กรุงเทพฯ/ปริมณฑล,ส่วนกลาง,B159,สายลวด(สมุทรปราการ)159,2607.48
2026-08-01,กรุงเทพฯ/ปริมณฑล,ส่วนกลาง,B160,บางบอน5 160,12198.14
2026-08-01,กรุงเทพฯ/ปริมณฑล,ส่วนกลาง,B163,ลำลูกกาคลอง2 163,0.0
2026-08-01,ภาคกลาง,ส่วนกลาง,B009,บ้านโป่ง(ราชบุรี)009,21452.33
2026-08-01,ภาคกลาง,ส่วนกลาง,B009-01,บ้านโป่ง(ราชบุรี)009-01,0.0
2026-08-01,ภาคกลาง,ส่วนกลาง,B015,นครปฐม015,35509.34
2026-08-01,ภาคกลาง,ส่วนกลาง,B015-01,นครปฐม015-01,0.0
2026-08-01,ภาคกลาง,ส่วนกลาง,B017,สมุทรสาคร017,15804.68
2026-08-01,ภาคกลาง,ส่วนกลาง,B017-01,สมุทรสาคร017-01,0.0
2026-08-01,ภาคกลาง,ส่วนกลาง,B055,พระนครศรีอยุธยา055,70669.16
2026-08-01,ภาคกลาง,ส่วนกลาง,B055-01,พระนครศรีอยุธยา055-01,0.0
2026-08-01,ภาคกลาง,ส่วนกลาง,B057,ราชบุรี057,61454.2
2026-08-01,ภาคกลาง,ส่วนกลาง,B057-01,ราชบุรี057-01,0.0
2026-08-01,ภาคกลาง,ส่วนกลาง,B058,กาญจนบุรี058,28033.64
2026-08-01,ภาคกลาง,ส่วนกลาง,B058-01,กาญจนบุรี058-01,16692.52
2026-08-01,ภาคกลาง,ส่วนกลาง,B058-02,กาญจนบุรี058-02,0.0
2026-08-01,ภาคกลาง,ส่วนกลาง,B059,ลพบุรี059,39456.99
2026-08-01,ภาคกลาง,ส่วนกลาง,B059-01,ลพบุรี059-01,0.0
2026-08-01,ภาคกลาง,ส่วนกลาง,B060,โรจนะ(พระนครศรีอยุธยา)060,44362.7
2026-08-01,ภาคกลาง,ส่วนกลาง,B060-01,โรจนะ(พระนครศรีอยุธยา)060-01,0.0
2026-08-01,ภาคกลาง,ส่วนกลาง,B067,สระบุรี067,50691.63
2026-08-01,ภาคกลาง,ส่วนกลาง,B067-01,สระบุรี067-01,0.0
2026-08-01,ภาคกลาง,ส่วนกลาง,B080,สุพรรณบุรี080,41216.84
2026-08-01,ภาคกลาง,ส่วนกลาง,B080-01,สุพรรณบุรี080-01,2981.31
2026-08-01,ภาคกลาง,ส่วนกลาง,B116,เพชรบุรี116,64129.89
2026-08-01,ภาคกลาง,ส่วนกลาง,B116-01,เพชรบุรี116-01,0.0
2026-08-01,ภาคกลาง,ส่วนกลาง,B120,หินกอง(สระบุรี)120,22901.86
2026-08-01,ภาคกลาง,ส่วนกลาง,B120-01,หินกอง(สระบุรี)120-01,0.0
2026-08-01,ภาคกลาง,ส่วนกลาง,B140,อู่ทอง(สุพรรณบุรี)140,28422.42
2026-08-01,ภาคกลาง,ส่วนกลาง,B140-01,อู่ทอง(สุพรรณบุรี)140-01,0.0
2026-08-01,ภาคกลาง,ส่วนกลาง,B141,ท่าเรือ(กาญจนบุรี)141,23573.82
2026-08-01,ภาคกลาง,ส่วนกลาง,B141-01,ท่าเรือ(กาญจนบุรี)141-01,0.0
2026-08-01,ภาคกลาง,ส่วนกลาง,B142,กำแพงแสน(นครปฐม)142,9869.17
2026-08-01,ภาคกลาง,ส่วนกลาง,B150,ลำนารายณ์(ลพบุรี)150,6512.15
2026-08-01,ภาคกลาง,ส่วนกลาง,B162,สมุทรสงคราม162,0.0
2026-08-01,ภาคกลาง,ส่วนกลาง,B164,บางปลา(สมุทรสาคร)164,0.0
2026-08-01,ภาคกลางตะวันออก,ส่วนกลาง,B061,ชลบุรี061,54179.42
2026-08-01,ภาคกลางตะวันออก,ส่วนกลาง,B061-01,ชลบุรี061-01,0.0
2026-08-01,ภาคกลางตะวันออก,ส่วนกลาง,B062,พัทยา(ชลบุรี)062,75436.44
2026-08-01,ภาคกลางตะวันออก,ส่วนกลาง,B062-01,พัทยา(ชลบุรี)062-01,0.0
2026-08-01,ภาคกลางตะวันออก,ส่วนกลาง,B063,ระยอง063,21190.64
2026-08-01,ภาคกลางตะวันออก,ส่วนกลาง,B063-01,ระยอง063-01,0.0
2026-08-01,ภาคกลางตะวันออก,ส่วนกลาง,B064,ปลวกแดง(ระยอง)064,18872.9
2026-08-01,ภาคกลางตะวันออก,ส่วนกลาง,B064-01,ปลวกแดง(ระยอง)064-01,0.0
2026-08-01,ภาคกลางตะวันออก,ส่วนกลาง,B065,ฉะเชิงเทรา065,14389.7
2026-08-01,ภาคกลางตะวันออก,ส่วนกลาง,B065-01,ฉะเชิงเทรา065-01,0.0
2026-08-01,ภาคกลางตะวันออก,ส่วนกลาง,B066,ศรีราชา(ชลบุรี)066,41726.19
2026-08-01,ภาคกลางตะวันออก,ส่วนกลาง,B066-01,ศรีราชา(ชลบุรี)066-01,0.0
2026-08-01,ภาคกลางตะวันออก,ส่วนกลาง,B068,จันทบุรี068,47282.25
2026-08-01,ภาคกลางตะวันออก,ส่วนกลาง,B068-01,จันทบุรี068-01,0.0
2026-08-01,ภาคกลางตะวันออก,ส่วนกลาง,B072,สระแก้ว072,44300.01
2026-08-01,ภาคกลางตะวันออก,ส่วนกลาง,B072-01,สระแก้ว072-01,0.0
2026-08-01,ภาคกลางตะวันออก,ส่วนกลาง,B090,แกลง(ระยอง)090,13950.48
2026-08-01,ภาคกลางตะวันออก,ส่วนกลาง,B090-01,แกลง(ระยอง)090-01,0.0
2026-08-01,ภาคกลางตะวันออก,ส่วนกลาง,B097,บ้านฉาง(ระยอง)097,16728.03
2026-08-01,ภาคกลางตะวันออก,ส่วนกลาง,B097-01,บ้านฉาง(ระยอง)097-01,0.0
2026-08-01,ภาคกลางตะวันออก,ส่วนกลาง,B098,พานทอง(ชลบุรี)098,15459.81
2026-08-01,ภาคกลางตะวันออก,ส่วนกลาง,B098-01,พานทอง(ชลบุรี)098-01,0.0
2026-08-01,ภาคกลางตะวันออก,ส่วนกลาง,B124,พนมสารคาม(ฉะเชิงเทรา)124,35803.73
2026-08-01,ภาคกลางตะวันออก,ส่วนกลาง,B124-01,พนมสารคาม(ฉะเชิงเทรา)124-01,0.0
2026-08-01,ภาคกลางตะวันออก,ส่วนกลาง,B125,นิคมพัฒนา(ระยอง)125,18700.0
2026-08-01,ภาคกลางตะวันออก,ส่วนกลาง,B125-01,นิคมพัฒนา(ระยอง)125-01,0.0
2026-08-01,ภาคกลางตะวันออก,ส่วนกลาง,B126,นครนายก126,10770.09
2026-08-01,ภาคกลางตะวันออก,ส่วนกลาง,B126-01,นครนายก126-01,0.0
2026-08-01,ภาคกลางตะวันออก,ส่วนกลาง,B127,นิคม 304(ปราจีนบุรี)127,25967.31
2026-08-01,ภาคกลางตะวันออก,ส่วนกลาง,B143,ตราด143,53712.17
2026-08-01,ภาคกลางตะวันออก,ส่วนกลาง,B143-01,ตราด143-01,1901.87
2026-08-01,ภาคตะวันออก,,B128,คลังฉะเชิงเทรา,0.0
2026-08-01,ภาคอีสาน,คุณชาญวิทย์ (โจ้),B007,อุดรธานี007,38856.06
2026-08-01,ภาคอีสาน,คุณชาญวิทย์ (โจ้),B007-01,อุดรธานี007-01,3704.67
2026-08-01,ภาคอีสาน,คุณชาญวิทย์ (โจ้),B035,ชุมแพ(ขอนแก่น)035,27567.28
2026-08-01,ภาคอีสาน,คุณชาญวิทย์ (โจ้),B035-01,ชุมแพ(ขอนแก่น)035-01,7438.32
2026-08-01,ภาคอีสาน,คุณชาญวิทย์ (โจ้),B043,เลย043,24023.36
2026-08-01,ภาคอีสาน,คุณชาญวิทย์ (โจ้),B043-01,เลย043-01,0.0
2026-08-01,ภาคอีสาน,คุณชาญวิทย์ (โจ้),B091,หนองคาย091,26174.76
2026-08-01,ภาคอีสาน,คุณชาญวิทย์ (โจ้),B091-01,หนองคาย091-01,5828.04
2026-08-01,ภาคอีสาน,คุณชาญวิทย์ (โจ้),B106,หนองบัวลำภู106,25012.15
2026-08-01,ภาคอีสาน,คุณชาญวิทย์ (โจ้),B106-01,หนองบัวลำภู106-01,0.0
2026-08-01,ภาคอีสาน,คุณชาญวิทย์ (โจ้),B107,สันตพล(อุดรธานี)107,24825.23
2026-08-01,ภาคอีสาน,คุณชาญวิทย์ (โจ้),B107-01,สันตพล(อุดรธานี)107-01,0.0
2026-08-01,ภาคอีสาน,คุณชาญวิทย์ (โจ้),B132,กุมภวาปี(อุดรธานี)132,32308.41
2026-08-01,ภาคอีสาน,คุณพัชรพล (เด่น),B003,นครราชสีมา003,46826.17
2026-08-01,ภาคอีสาน,คุณพัชรพล (เด่น),B003-01,นครราชสีมา003-01,10990.65
2026-08-01,ภาคอีสาน,คุณพัชรพล (เด่น),B013,ชัยภูมิ013,33997.2
2026-08-01,ภาคอีสาน,คุณพัชรพล (เด่น),B013-01,ชัยภูมิ013-01,0.0
2026-08-01,ภาคอีสาน,คุณพัชรพล (เด่น),B027,กาฬสินธุ์027,51742.06
2026-08-01,ภาคอีสาน,คุณพัชรพล (เด่น),B027-01,กาฬสินธุ์027-01,0.0
2026-08-01,ภาคอีสาน,คุณพัชรพล (เด่น),B030,ร้อยเอ็ด030,34012.15
2026-08-01,ภาคอีสาน,คุณพัชรพล (เด่น),B030-01,ร้อยเอ็ด030-01,12620.57
2026-08-01,ภาคอีสาน,คุณพัชรพล (เด่น),B031,ขอนแก่น031,39123.34
2026-08-01,ภาคอีสาน,คุณพัชรพล (เด่น),B031-01,ขอนแก่น031-01,0.0
2026-08-01,ภาคอีสาน,คุณพัชรพล (เด่น),B031-02,ขอนแก่น031-02,0.0
2026-08-01,ภาคอีสาน,คุณพัชรพล (เด่น),B047,นางรอง(บุรีรัมย์)047,19476.64
2026-08-01,ภาคอีสาน,คุณพัชรพล (เด่น),B047-01,นางรอง(บุรีรัมย์)047-01,0.0
2026-08-01,ภาคอีสาน,คุณพัชรพล (เด่น),B073,บุรีรัมย์073,34894.41
2026-08-01,ภาคอีสาน,คุณพัชรพล (เด่น),B073-01,บุรีรัมย์073-01,0.0
2026-08-01,ภาคอีสาน,คุณพัชรพล (เด่น),B074,มหาสารคาม074,30860.76
2026-08-01,ภาคอีสาน,คุณพัชรพล (เด่น),B074-01,มหาสารคาม074-01,6845.8
2026-08-01,ภาคอีสาน,คุณพัชรพล (เด่น),B087,ปากช่อง(นครราชสีมา)087,37515.89
2026-08-01,ภาคอีสาน,คุณพัชรพล (เด่น),B095,บ้านไผ่(ขอนแก่น)095,28232.7
2026-08-01,ภาคอีสาน,คุณพัชรพล (เด่น),B095-01,บ้านไผ่(ขอนแก่น)095-01,0.0
2026-08-01,ภาคอีสาน,คุณพัชรพล (เด่น),B096,จอหอ(นครราชสีมา)096,50669.17
2026-08-01,ภาคอีสาน,คุณพัชรพล (เด่น),B096-01,จอหอ(นครราชสีมา)096-01,6775.7
2026-08-01,ภาคอีสาน,คุณพัชรพล (เด่น),B108,โชคชัย(นครราชสีมา)108,14691.58
2026-08-01,ภาคอีสาน,คุณพัชรพล (เด่น),B108-01,โชคชัย(นครราชสีมา)108-01,0.0
2026-08-01,ภาคอีสาน,คุณพัชรพล (เด่น),B129,ประโคนชัย(บุรีรัมย์)129,9331.77
2026-08-01,ภาคอีสาน,คุณพัชรพล (เด่น),B129-01,ประโคนชัย(บุรีรัมย์)129-01,0.0
2026-08-01,ภาคอีสาน,คุณพัชรพล (เด่น),B131,กระนวน(ขอนแก่น)131,16186.91
2026-08-01,ภาคอีสาน,คุณพัชรพล (เด่น),B131-01,กระนวน(ขอนแก่น)131-01,0.0
2026-08-01,ภาคอีสาน,คุณพัชรพล (เด่น),B133,สุวรรณภูมิ(ร้อยเอ็ด)133,15134.58
2026-08-01,ภาคอีสาน,คุณพัชรพล (เด่น),B133-01,สุวรรณภูมิ(ร้อยเอ็ด)133-01,0.0
2026-08-01,ภาคอีสาน,คุณพัชรพล (เด่น),B152,แก้งคร้อ(ชัยภูมิ)152,12535.52
2026-08-01,ภาคอีสาน,คุณพัชรพล (เด่น),B155,พิมาย(นครราชสีมา)155,22675.68
2026-08-01,ภาคอีสาน,คุณวิรุญ (ชาย),B005,อุบลราชธานี005,50651.41
2026-08-01,ภาคอีสาน,คุณวิรุญ (ชาย),B005-01,อุบลราชธานี005-01,0.0
2026-08-01,ภาคอีสาน,คุณวิรุญ (ชาย),B016,ศรีสะเกษ016,32678.52
2026-08-01,ภาคอีสาน,คุณวิรุญ (ชาย),B016-01,ศรีสะเกษ016-01,2962.62
2026-08-01,ภาคอีสาน,คุณวิรุญ (ชาย),B049,วารินชำราบ(อุบลราชธานี)049,28114.02
2026-08-01,ภาคอีสาน,คุณวิรุญ (ชาย),B049-01,วารินชำราบ(อุบลราชธานี)049-01,3040.19
2026-08-01,ภาคอีสาน,คุณวิรุญ (ชาย),B052,สุรินทร์052,51710.3
2026-08-01,ภาคอีสาน,คุณวิรุญ (ชาย),B052-01,สุรินทร์052-01,3831.77
2026-08-01,ภาคอีสาน,คุณวิรุญ (ชาย),B056,ยโสธร056,34014.97
2026-08-01,ภาคอีสาน,คุณวิรุญ (ชาย),B056-01,ยโสธร056-01,12246.73
2026-08-01,ภาคอีสาน,คุณวิรุญ (ชาย),B056-02,ยโสธร056-02,0.0
2026-08-01,ภาคอีสาน,คุณวิรุญ (ชาย),B089,เดชอุดม(อุบลราชธานี)089,48582.24
2026-08-01,ภาคอีสาน,คุณวิรุญ (ชาย),B089-01,เดชอุดม(อุบลราชธานี)089-01,0.0
2026-08-01,ภาคอีสาน,คุณวิรุญ (ชาย),B109,กันทรลักษ์(ศรีสะเกษ)109,39329.89
2026-08-01,ภาคอีสาน,คุณวิรุญ (ชาย),B109-01,กันทรลักษ์(ศรีสะเกษ)109-01,1752.33
2026-08-01,ภาคอีสาน,คุณวิรุญ (ชาย),B110,อำนาจเจริญ110,29949.06
2026-08-01,ภาคอีสาน,คุณวิรุญ (ชาย),B110-01,อำนาจเจริญ110-01,0.0
2026-08-01,ภาคอีสาน,คุณวิรุญ (ชาย),B130,สังขะ(สุรินทร์)130,27628.02
2026-08-01,ภาคอีสาน,คุณวิรุญ (ชาย),B145,ตระการพืชผล(อุบลราชธานี)145,14982.24
2026-08-01,ภาคอีสาน,คุณอธิวัฒน์ (ตู่),B050,สกลนคร050,54527.11
2026-08-01,ภาคอีสาน,คุณอธิวัฒน์ (ตู่),B050-01,สกลนคร050-01,0.0
2026-08-01,ภาคอีสาน,คุณอธิวัฒน์ (ตู่),B051,นครพนม051,40355.14
2026-08-01,ภาคอีสาน,คุณอธิวัฒน์ (ตู่),B051-01,นครพนม051-01,943.92
2026-08-01,ภาคอีสาน,คุณอธิวัฒน์ (ตู่),B053,มุกดาหาร053,33053.25
2026-08-01,ภาคอีสาน,คุณอธิวัฒน์ (ตู่),B053-01,มุกดาหาร053-01,0.0
2026-08-01,ภาคอีสาน,คุณอธิวัฒน์ (ตู่),B094,พังโคน(สกลนคร)094,50427.09
2026-08-01,ภาคอีสาน,คุณอธิวัฒน์ (ตู่),B094-01,พังโคน(สกลนคร)094-01,0.0
2026-08-01,ภาคอีสาน,คุณอธิวัฒน์ (ตู่),B146,บึงกาฬ146,41087.85
2026-08-01,ภาคเหนือ,คุณณัฐจักษ์ (เอฟ),B034,นครสวรรค์034,65224.26
2026-08-01,ภาคเหนือ,คุณณัฐจักษ์ (เอฟ),B034-01,นครสวรรค์034-01,5336.46
2026-08-01,ภาคเหนือ,คุณณัฐจักษ์ (เอฟ),B101,อ่างทอง101,42912.15
2026-08-01,ภาคเหนือ,คุณณัฐจักษ์ (เอฟ),B101-01,อ่างทอง101-01,0.0
2026-08-01,ภาคเหนือ,คุณณัฐจักษ์ (เอฟ),B102,สิงห์บุรี102,31454.68
2026-08-01,ภาคเหนือ,คุณณัฐจักษ์ (เอฟ),B102-01,สิงห์บุรี102-01,0.0
2026-08-01,ภาคเหนือ,คุณณัฐจักษ์ (เอฟ),B103,อุทัยธานี103,28319.62
2026-08-01,ภาคเหนือ,คุณณัฐจักษ์ (เอฟ),B103-01,อุทัยธานี103-01,0.0
2026-08-01,ภาคเหนือ,คุณณัฐจักษ์ (เอฟ),B114,สลกบาตร(กำแพงเพชร)114,35647.65
2026-08-01,ภาคเหนือ,คุณทิฑัมพร (เต๋า),B020,อินโดจีน(พิษณุโลก)020,34306.54
2026-08-01,ภาคเหนือ,คุณทิฑัมพร (เต๋า),B020-01,อินโดจีน(พิษณุโลก)020-01,0.0
2026-08-01,ภาคเหนือ,คุณทิฑัมพร (เต๋า),B021,สุโขทัย021,26068.26
2026-08-01,ภาคเหนือ,คุณทิฑัมพร (เต๋า),B021-01,สุโขทัย021-01,0.0
2026-08-01,ภาคเหนือ,คุณทิฑัมพร (เต๋า),B022,กำแพงเพชร022,50193.73
2026-08-01,ภาคเหนือ,คุณทิฑัมพร (เต๋า),B022-01,กำแพงเพชร022-01,0.0
2026-08-01,ภาคเหนือ,คุณทิฑัมพร (เต๋า),B029,พิจิตร029,20914.94
2026-08-01,ภาคเหนือ,คุณทิฑัมพร (เต๋า),B029-01,พิจิตร029-01,0.0
2026-08-01,ภาคเหนือ,คุณทิฑัมพร (เต๋า),B048,แม่สอด(ตาก)048,59600.94
2026-08-01,ภาคเหนือ,คุณทิฑัมพร (เต๋า),B048-01,แม่สอด(ตาก)048-01,467.29
2026-08-01,ภาคเหนือ,คุณทิฑัมพร (เต๋า),B115,สวรรคโลก(สุโขทัย)115,27354.2
2026-08-01,ภาคเหนือ,คุณทิฑัมพร (เต๋า),B121,วัดจันทร์(พิษณุโลก)121,11585.05
2026-08-01,ภาคเหนือ,คุณทิฑัมพร (เต๋า),B121-01,วัดจันทร์(พิษณุโลก)121-01,1542.06
2026-08-01,ภาคเหนือ,คุณทิฑัมพร (เต๋า),B122,ตาก122,15830.85
2026-08-01,ภาคเหนือ,คุณทิฑัมพร (เต๋า),B161,ตะพานหิน(พิจิตร)161,6728.96
2026-08-01,ภาคเหนือ,คุณสาธิต (โจม),B033,อุตรดิตถ์033,29395.32
2026-08-01,ภาคเหนือ,คุณสาธิต (โจม),B033-01,อุตรดิตถ์033-01,528.04
2026-08-01,ภาคเหนือ,คุณสาธิต (โจม),B037,หัวเวียง(ลำปาง)037,30541.1
2026-08-01,ภาคเหนือ,คุณสาธิต (โจม),B037-01,หัวเวียง(ลำปาง)037-01,4878.5
2026-08-01,ภาคเหนือ,คุณสาธิต (โจม),B037-02,หัวเวียง(ลำปาง)037-02,0.0
2026-08-01,ภาคเหนือ,คุณสาธิต (โจม),B038,ลำพูน038,28050.46
2026-08-01,ภาคเหนือ,คุณสาธิต (โจม),B038-01,ลำพูน038-01,3415.89
2026-08-01,ภาคเหนือ,คุณสาธิต (โจม),B039,พะเยา039,30936.46
2026-08-01,ภาคเหนือ,คุณสาธิต (โจม),B039-01,พะเยา039-01,7196.27
2026-08-01,ภาคเหนือ,คุณสาธิต (โจม),B040,เชียงราย040,40173.82
2026-08-01,ภาคเหนือ,คุณสาธิต (โจม),B040-01,เชียงราย040-01,672.9
2026-08-01,ภาคเหนือ,คุณสาธิต (โจม),B041,แพร่041,41273.83
2026-08-01,ภาคเหนือ,คุณสาธิต (โจม),B041-01,แพร่041-01,0.0
2026-08-01,ภาคเหนือ,คุณสาธิต (โจม),B082,น่าน082,31267.3
2026-08-01,ภาคเหนือ,คุณสาธิต (โจม),B082-01,น่าน082-01,0.0
2026-08-01,ภาคเหนือ,คุณสาธิต (โจม),B092,ฝาง(เชียงใหม่)092,20424.26
2026-08-01,ภาคเหนือ,คุณสาธิต (โจม),B092-01,ฝาง(เชียงใหม่)092-01,2018.69
2026-08-01,ภาคเหนือ,คุณสาธิต (โจม),B093,แม่จัน(เชียงราย)093,25466.34
2026-08-01,ภาคเหนือ,คุณสาธิต (โจม),B093-01,แม่จัน(เชียงราย)093-01,9927.1
2026-08-01,ภาคเหนือ,คุณสาธิต (โจม),B117,เทิง(เชียงราย)117,27461.68
2026-08-01,ภาคเหนือ,คุณสาธิต (โจม),B117-01,เทิง(เชียงราย)117-01,4401.87
2026-08-01,ภาคเหนือ,คุณสาธิต (โจม),B123,สบตุ๋ย(ลำปาง)123,24333.64
2026-08-01,ภาคเหนือ,คุณสาธิต (โจม),B153,พาน(เชียงราย)153,9755.13
2026-08-01,ภาคเหนือ,คุณสาธิต (โจม),B154,จอมทอง(เชียงใหม่)154,19803.73
2026-08-01,ภาคเหนือ,คุณสาธิต (โจม),B156,แม่สะเรียง(แม่ฮ่องสอน)156,16228.98
2026-08-01,ภาคเหนือ,คุณสาธิต (โจม),B157,แม่ฮ่องสอน157,21433.63
2026-08-01,ภาคเหนือ,คุณสาธิต (โจม),B158,ปาย(แม่ฮ่องสอน)158,448.6
2026-08-01,ภาคเหนือ,ส่วนกลาง,B081,เพชรบูรณ์081,27075.69
2026-08-01,ภาคเหนือ,ส่วนกลาง,B081-01,เพชรบูรณ์081-01,817.76
2026-08-01,ภาคเหนือ,ส่วนกลาง,B123-01,สบตุ๋ย(ลำปาง)123-01,0.0
2026-08-01,ภาคเหนือ,ส่วนกลาง,B144,หล่มสัก(เพชรบูรณ์)144,39248.62
2026-08-01,ภาคเหนือ,ส่วนกลาง,B151,บึงสามพัน(เพชรบูรณ์)151,10554.2
2026-08-01,ภาคใต้,คุณวีระพงศ์ (พงษ์),B010,ภูเก็ต010,37797.18
2026-08-01,ภาคใต้,คุณวีระพงศ์ (พงษ์),B010-01,ภูเก็ต010-01,0.0
2026-08-01,ภาคใต้,คุณวีระพงศ์ (พงษ์),B026,กระบี่026,60897.7
2026-08-01,ภาคใต้,คุณวีระพงศ์ (พงษ์),B026-01,กระบี่026-01,0.0
2026-08-01,ภาคใต้,คุณวีระพงศ์ (พงษ์),B042,เวียงสระ(สุราษฎร์ธานี)042,37861.67
2026-08-01,ภาคใต้,คุณวีระพงศ์ (พงษ์),B042-01,เวียงสระ(สุราษฎร์ธานี)042-01,1132.71
2026-08-01,ภาคใต้,คุณวีระพงศ์ (พงษ์),B086,ตรัง086,31744.87
2026-08-01,ภาคใต้,คุณวีระพงศ์ (พงษ์),B086-01,ตรัง086-01,0.0
2026-08-01,ภาคใต้,คุณวีระพงศ์ (พงษ์),B119,พังงา119,37428.07
2026-08-01,ภาคใต้,คุณวีระพงศ์ (พงษ์),B119-01,พังงา119-01,0.0
2026-08-01,ภาคใต้,คุณวีระพงศ์ (พงษ์),B136,บ้านตาขุน(สุราษฎร์ธานี)136,17235.52
2026-08-01,ภาคใต้,คุณวีระพงศ์ (พงษ์),B139,ลำทับ(กระบี่)139,31565.41
2026-08-01,ภาคใต้,คุณวีระพงศ์ (พงษ์),B139-01,ลำทับ(กระบี่)139-01,3345.8
2026-08-01,ภาคใต้,ส่วนกลาง,B006,นครศรีธรรมราช006,71500.95
2026-08-01,ภาคใต้,ส่วนกลาง,B006-01,นครศรีธรรมราช006-01,299.07
2026-08-01,ภาคใต้,ส่วนกลาง,B012,ชุมพร012,58480.38
2026-08-01,ภาคใต้,ส่วนกลาง,B012-01,ชุมพร012-01,0.0
2026-08-01,ภาคใต้,ส่วนกลาง,B014,ทุ่งสง(นครศรีธรรมราช)014,34450.01
2026-08-01,ภาคใต้,ส่วนกลาง,B014-01,ทุ่งสง(นครศรีธรรมราช)014-01,0.0
2026-08-01,ภาคใต้,ส่วนกลาง,B028,สุราษฎร์ธานี028,73553.27
2026-08-01,ภาคใต้,ส่วนกลาง,B028-01,สุราษฎร์ธานี028-01,0.0
2026-08-01,ภาคใต้,ส่วนกลาง,B045,พัทลุง045,30412.16
2026-08-01,ภาคใต้,ส่วนกลาง,B045-01,พัทลุง045-01,0.0
2026-08-01,ภาคใต้,ส่วนกลาง,B046,หาดใหญ่(สงขลา)046,55333.6
2026-08-01,ภาคใต้,ส่วนกลาง,B046-01,หาดใหญ่(สงขลา)046-01,2523.36
2026-08-01,ภาคใต้,ส่วนกลาง,B054,ปราณบุรี(ประจวบคีรีขันธ์)054,25205.62
2026-08-01,ภาคใต้,ส่วนกลาง,B054-01,ปราณบุรี(ประจวบคีรีขันธ์)054-01,0.0
2026-08-01,ภาคใต้,ส่วนกลาง,B083,บางกุ้ง(สุราษฎร์ธานี)083,36291.6
2026-08-01,ภาคใต้,ส่วนกลาง,B083-01,บางกุ้ง(สุราษฎร์ธานี)083-01,0.0
2026-08-01,ภาคใต้,ส่วนกลาง,B084,ปัตตานี084,49249.52
2026-08-01,ภาคใต้,ส่วนกลาง,B084-01,ปัตตานี084-01,0.0
2026-08-01,ภาคใต้,ส่วนกลาง,B085,สงขลา085,67643.95
2026-08-01,ภาคใต้,ส่วนกลาง,B085-01,สงขลา085-01,0.0
2026-08-01,ภาคใต้,ส่วนกลาง,B104,นราธิวาส104,40989.71
2026-08-01,ภาคใต้,ส่วนกลาง,B104-01,นราธิวาส104-01,0.0
2026-08-01,ภาคใต้,ส่วนกลาง,B105,ยะลา105,59513.1
2026-08-01,ภาคใต้,ส่วนกลาง,B105-01,ยะลา105-01,0.0
2026-08-01,ภาคใต้,ส่วนกลาง,B118,คลองแห(หาดใหญ่)118,38138.33
2026-08-01,ภาคใต้,ส่วนกลาง,B118-01,คลองแห(หาดใหญ่)118-01,0.0
2026-08-01,ภาคใต้,ส่วนกลาง,B134,หลังสวน(ชุมพร)134,32028.01
2026-08-01,ภาคใต้,ส่วนกลาง,B135,ไชยา(สุราษฎร์ธานี)135,19286.92
2026-08-01,ภาคใต้,ส่วนกลาง,B137,สิชล(นครศรีธรรมราช)137,53518.69
2026-08-01,ภาคใต้,ส่วนกลาง,B137-01,สิชล(นครศรีธรรมราช)137-01,0.0
2026-08-01,ภาคใต้,ส่วนกลาง,B138,สตูล138,43217.75
2026-08-01,ภาคใต้,ส่วนกลาง,B147,ระนอง147,29066.36
2026-08-01,ภาคใต้,ส่วนกลาง,B148,ประจวบคีรีขันธ์148,32118.22
2026-08-01,ภาคใต้,ส่วนกลาง,B149,หัวหิน(ประจวบคีรีขันธ์)149,11009.36
